{
  "services": [
    {
      "id": "1",
      "title": "Margherita Pizza",
      "description": "Classic Italian pizza topped with fresh tomatoes, mozzarella cheese, basil, and olive oil.",
      "image": "margherita_pizza.jpg",
      "price": 300
    },
    {
      "id": "2",
      "title": "Spicy Chicken Burger",
      "description": "Juicy grilled chicken patty with a spicy sauce, lettuce, tomatoes, and cheese, served in a toasted bun.",
      "image": "chicken_burger.jpg",
      "price": 250
    },
    {
      "id": "3",
      "title": "Sushi Platter",
      "description": "An assortment of fresh sushi rolls, including salmon, tuna, and avocado rolls, served with soy sauce and wasabi.",
      "image": "sushi_platter.jpg",
      "price": 600
    },
    {
      "id": "4",
      "title": "Pasta Alfredo",
      "description": "Creamy Alfredo pasta with parmesan cheese, garlic, and fresh herbs, served with grilled chicken or mushrooms.",
      "image": "pasta_alfredo.jpg",
      "price": 450
    },
    {
      "id": "5",
      "title": "Veggie Wrap",
      "description": "A healthy wrap filled with fresh vegetables, hummus, and feta cheese, wrapped in a whole wheat tortilla.",
      "image": "veggie_wrap.jpg",
      "price": 200
    },
    {
      "id": "6",
      "title": "Mango Smoothie",
      "description": "Refreshing mango smoothie made with ripe mangoes, yogurt, and a hint of honey.",
      "image": "mango_smoothie.jpg",
      "price": 150
    }
  ],
  "details": [
    {
      "id": "1",
      "title": "A Taste of Italy - Margherita Pizza",
      "description": [
        "The Margherita Pizza is a classic Italian favorite, featuring a simple yet flavorful combination of fresh tomatoes, mozzarella cheese, basil, and olive oil on a crispy thin crust.",
        "The balance of tangy tomato sauce and melted cheese creates a delicious harmony of flavors, making it one of the most beloved pizzas worldwide.",
        "Perfect for a light meal, this pizza is best enjoyed with a side of garlic bread and a refreshing soft drink."
      ]
    },
    {
      "id": "2",
      "title": "Savor the Spice - Spicy Chicken Burger",
      "description": [
        "The Spicy Chicken Burger is a mouth-watering delight, featuring a tender, crispy chicken fillet coated in a special spicy seasoning, layered with fresh lettuce, tomatoes, and creamy sauce in a toasted bun.",
        "This burger is designed for spice lovers who enjoy a fiery kick with every bite.",
        "Pair it with a side of crispy fries and a cold beverage for the ultimate fast-food experience."
      ]
    },
    {
      "id": "3",
      "title": "Authentic Japanese Delight - Sushi Platter",
      "description": [
        "The Sushi Platter offers a selection of fresh and delicately crafted sushi rolls, including salmon, tuna, avocado, and cucumber varieties.",
        "Served with traditional soy sauce, wasabi, and pickled ginger, this platter is a favorite among sushi enthusiasts.",
        "Ideal for a light yet satisfying meal, sushi provides a healthy balance of protein, omega-3 fatty acids, and essential nutrients."
      ]
    },
    {
      "id": "4",
      "title": "Creamy Indulgence - Pasta Alfredo",
      "description": [
        "Pasta Alfredo is a rich and creamy dish featuring fettuccine pasta tossed in a velvety white sauce made with butter, garlic, heavy cream, and Parmesan cheese.",
        "This dish can be enjoyed with grilled chicken or sautéed mushrooms for added flavor and texture.",
        "Best served with garlic bread and a fresh garden salad to complement the creamy goodness of the sauce."
      ]
    },
    {
      "id": "5",
      "title": "Healthy & Delicious - Veggie Wrap",
      "description": [
        "The Veggie Wrap is a wholesome meal packed with fresh vegetables, hummus, and feta cheese, all wrapped in a soft whole wheat tortilla.",
        "This wrap is an excellent option for those looking for a healthy and nutritious meal without compromising on taste.",
        "Served with a side of yogurt dip or salsa, this wrap is a great choice for a quick and satisfying meal on the go."
      ]
    },
    {
      "id": "6",
      "title": "Tropical Bliss - Mango Smoothie",
      "description": [
        "The Mango Smoothie is a refreshing drink made from ripe mangoes, yogurt, and a hint of honey for natural sweetness.",
        "Perfectly blended for a smooth and creamy texture, this drink is packed with vitamins and antioxidants.",
        "Ideal for a hot summer day, this smoothie pairs well with light snacks or as a post-workout refresher."
      ]
    }
  ],
  "cart": [
    {
      "id": "2",
      "title": "Spicy Chicken Burger",
      "price": 250,
      "quantity": 1
    },
    {
      "id": "5",
      "title": "Veggie Wrap",
      "price": 200,
      "quantity": 1
    }
  ],
  "orders": [
    {
      "id": "9fce",
      "items": [
        {
          "id": "1",
          "title": "Margherita Pizza",
          "price": 300,
          "quantity": 1
        },
        {
          "id": "3",
          "title": "Sushi Platter",
          "price": 600,
          "quantity": 1
        },
        {
          "id": "4",
          "title": "Pasta Alfredo",
          "price": 450,
          "quantity": 1
        }
      ],
      "total": 1350
    },
    {
      "id": "a045",
      "items": [
        {
          "id": "5",
          "title": "Veggie Wrap",
          "price": 200,
          "quantity": 1
        },
        {
          "id": "4",
          "title": "Pasta Alfredo",
          "price": 450,
          "quantity": 1
        }
      ],
      "total": 650
    },
    {
      "id": "e060",
      "items": [
        {
          "id": "5",
          "title": "Veggie Wrap",
          "price": 200,
          "quantity": 1
        },
        {
          "id": "4",
          "title": "Pasta Alfredo",
          "price": 450,
          "quantity": 1
        },
        {
          "id": "6",
          "title": "Mango Smoothie",
          "price": 150,
          "quantity": 1
        }
      ],
      "total": 720
    },
    {
      "id": "cb6c",
      "items": [
        {
          "id": "1",
          "title": "Margherita Pizza",
          "price": 300,
          "quantity": 1
        },
        {
          "id": "2",
          "title": "Spicy Chicken Burger",
          "price": 250,
          "quantity": 1
        }
      ],
      "total": 550
    },
    {
      "id": "1756",
      "items": [
        {
          "id": "2",
          "title": "Spicy Chicken Burger",
          "price": 250,
          "quantity": 1
        },
        {
          "id": "5",
          "title": "Veggie Wrap",
          "price": 200,
          "quantity": 1
        }
      ],
      "total": 405
    }
  ],
  "offers": [
    {
      "id": "1",
      "title": "Flat 10% Off",
      "discount": 10
    },
    {
      "id": "2",
      "title": "Save ₹50",
      "discount": 50
    }
  ],
  "surveys": [
    {
      "id": "b902",
      "name": "NIKITHA B V",
      "email": "nikithabalamurugan2004@gmail.com",
      "feedback": "Great",
      "rating": 4
    },
    {
      "id": "9ee6",
      "name": "NITHISH",
      "email": "bvnikitha218@gmail.com",
      "feedback": "Food is delicious",
      "rating": 3
    },
    {
      "id": "07d0",
      "name": "Jyothika",
      "email": "jyo@gmail.com",
      "feedback": "Good Quality food",
      "rating": 5
    },
    {
      "id": "552d",
      "name": "NIKITHA B V",
      "email": "nikithabalamurugan2004@gmail.com",
      "feedback": "food was good",
      "rating": 3
    },
    {
      "id": "27d1",
      "name": "Vijay",
      "email": "vijay@gmail.com",
      "feedback": "Good Food ",
      "rating": 4
    }
  ]
}